{
  "" : {
    "transaction" : "",
    "sampleCount" : 69,
    "errorCount" : 0,
    "errorPct" : 0.0,
    "meanResTime" : 577.4637681159419,
    "medianResTime" : 239.0,
    "minResTime" : 39.0,
    "maxResTime" : 1903.0,
    "pct1ResTime" : 1512.0,
    "pct2ResTime" : 1639.0,
    "pct3ResTime" : 1903.0,
    "throughput" : 13.548007068525427,
    "receivedKBytesPerSec" : 23.1011774739839,
    "sentKBytesPerSec" : 31.572325066267425
  },
  "-1" : {
    "transaction" : "-1",
    "sampleCount" : 30,
    "errorCount" : 0,
    "errorPct" : 0.0,
    "meanResTime" : 69.39999999999999,
    "medianResTime" : 49.5,
    "minResTime" : 43.0,
    "maxResTime" : 169.0,
    "pct1ResTime" : 128.0,
    "pct2ResTime" : 168.45,
    "pct3ResTime" : 169.0,
    "throughput" : 6.753714542998649,
    "receivedKBytesPerSec" : 1.5235430267897343,
    "sentKBytesPerSec" : 3.185589965105808
  },
  "-2" : {
    "transaction" : "-2",
    "sampleCount" : 27,
    "errorCount" : 0,
    "errorPct" : 0.0,
    "meanResTime" : 139.44444444444443,
    "medianResTime" : 123.0,
    "minResTime" : 117.0,
    "maxResTime" : 246.0,
    "pct1ResTime" : 228.2,
    "pct2ResTime" : 245.6,
    "pct3ResTime" : 246.0,
    "throughput" : 7.137192704203013,
    "receivedKBytesPerSec" : 3.41190234271742,
    "sentKBytesPerSec" : 3.303739591593973
  },
  "-3" : {
    "transaction" : "-3",
    "sampleCount" : 30,
    "errorCount" : 0,
    "errorPct" : 0.0,
    "meanResTime" : 150.26666666666665,
    "medianResTime" : 132.5,
    "minResTime" : 117.0,
    "maxResTime" : 284.0,
    "pct1ResTime" : 261.10000000000014,
    "pct2ResTime" : 278.5,
    "pct3ResTime" : 284.0,
    "throughput" : 6.683002895967922,
    "receivedKBytesPerSec" : 3.193570394297171,
    "sentKBytesPerSec" : 3.100025757406995
  },
  "-4" : {
    "transaction" : "-4",
    "sampleCount" : 30,
    "errorCount" : 0,
    "errorPct" : 0.0,
    "meanResTime" : 82.13333333333333,
    "medianResTime" : 44.0,
    "minResTime" : 39.0,
    "maxResTime" : 425.0,
    "pct1ResTime" : 235.70000000000033,
    "pct2ResTime" : 365.5999999999999,
    "pct3ResTime" : 425.0,
    "throughput" : 6.963788300835654,
    "receivedKBytesPerSec" : 1.9488179694753947,
    "sentKBytesPerSec" : 3.2438740424791086
  },
  "-5" : {
    "transaction" : "-5",
    "sampleCount" : 27,
    "errorCount" : 0,
    "errorPct" : 0.0,
    "meanResTime" : 136.5555555555556,
    "medianResTime" : 123.0,
    "minResTime" : 119.0,
    "maxResTime" : 215.0,
    "pct1ResTime" : 209.0,
    "pct2ResTime" : 212.6,
    "pct3ResTime" : 215.0,
    "throughput" : 7.142857142857142,
    "receivedKBytesPerSec" : 3.4742890211640214,
    "sentKBytesPerSec" : 3.2854352678571432
  },
  "-6" : {
    "transaction" : "-6",
    "sampleCount" : 30,
    "errorCount" : 0,
    "errorPct" : 0.0,
    "meanResTime" : 172.49999999999997,
    "medianResTime" : 106.5,
    "minResTime" : 71.0,
    "maxResTime" : 730.0,
    "pct1ResTime" : 302.30000000000007,
    "pct2ResTime" : 546.2999999999997,
    "pct3ResTime" : 730.0,
    "throughput" : 6.715916722632639,
    "receivedKBytesPerSec" : 1.8363834788448625,
    "sentKBytesPerSec" : 3.11529340161182
  },
  "-7" : {
    "transaction" : "-7",
    "sampleCount" : 30,
    "errorCount" : 0,
    "errorPct" : 0.0,
    "meanResTime" : 49.633333333333326,
    "medianResTime" : 48.0,
    "minResTime" : 44.0,
    "maxResTime" : 68.0,
    "pct1ResTime" : 57.800000000000004,
    "pct2ResTime" : 63.599999999999994,
    "pct3ResTime" : 68.0,
    "throughput" : 6.947660954145437,
    "receivedKBytesPerSec" : 1.5672946097730431,
    "sentKBytesPerSec" : 3.304209848309403
  },
  "-8" : {
    "transaction" : "-8",
    "sampleCount" : 28,
    "errorCount" : 0,
    "errorPct" : 0.0,
    "meanResTime" : 143.1785714285714,
    "medianResTime" : 124.5,
    "minResTime" : 118.0,
    "maxResTime" : 319.0,
    "pct1ResTime" : 170.4000000000001,
    "pct2ResTime" : 278.0499999999997,
    "pct3ResTime" : 319.0,
    "throughput" : 6.690561529271207,
    "receivedKBytesPerSec" : 3.2547416367980886,
    "sentKBytesPerSec" : 3.0773969534050183
  },
  "-9" : {
    "transaction" : "-9",
    "sampleCount" : 30,
    "errorCount" : 0,
    "errorPct" : 0.0,
    "meanResTime" : 48.900000000000006,
    "medianResTime" : 46.5,
    "minResTime" : 44.0,
    "maxResTime" : 94.0,
    "pct1ResTime" : 53.800000000000004,
    "pct2ResTime" : 73.64999999999998,
    "pct3ResTime" : 94.0,
    "throughput" : 6.952491309385863,
    "receivedKBytesPerSec" : 1.5683842699884123,
    "sentKBytesPerSec" : 3.3065070973348782
  },
  "-10" : {
    "transaction" : "-10",
    "sampleCount" : 26,
    "errorCount" : 0,
    "errorPct" : 0.0,
    "meanResTime" : 132.34615384615384,
    "medianResTime" : 121.0,
    "minResTime" : 118.0,
    "maxResTime" : 212.0,
    "pct1ResTime" : 209.3,
    "pct2ResTime" : 211.3,
    "pct3ResTime" : 212.0,
    "throughput" : 7.1330589849108375,
    "receivedKBytesPerSec" : 3.4759730795610424,
    "sentKBytesPerSec" : 3.2809284979423867
  },
  "-11" : {
    "transaction" : "-11",
    "sampleCount" : 27,
    "errorCount" : 0,
    "errorPct" : 0.0,
    "meanResTime" : 48.88888888888889,
    "medianResTime" : 47.0,
    "minResTime" : 44.0,
    "maxResTime" : 58.0,
    "pct1ResTime" : 55.599999999999994,
    "pct2ResTime" : 58.0,
    "pct3ResTime" : 58.0,
    "throughput" : 7.269789983844912,
    "receivedKBytesPerSec" : 1.6399623889337642,
    "sentKBytesPerSec" : 3.4503104806138936
  },
  "-12" : {
    "transaction" : "-12",
    "sampleCount" : 26,
    "errorCount" : 0,
    "errorPct" : 0.0,
    "meanResTime" : 46.8076923076923,
    "medianResTime" : 47.0,
    "minResTime" : 44.0,
    "maxResTime" : 51.0,
    "pct1ResTime" : 49.3,
    "pct2ResTime" : 50.65,
    "pct3ResTime" : 51.0,
    "throughput" : 7.276798208788134,
    "receivedKBytesPerSec" : 1.6415433459277917,
    "sentKBytesPerSec" : 3.4323179051217463
  },
  "-13" : {
    "transaction" : "-13",
    "sampleCount" : 23,
    "errorCount" : 0,
    "errorPct" : 0.0,
    "meanResTime" : 149.82608695652175,
    "medianResTime" : 122.0,
    "minResTime" : 118.0,
    "maxResTime" : 330.0,
    "pct1ResTime" : 237.0,
    "pct2ResTime" : 311.7999999999997,
    "pct3ResTime" : 330.0,
    "throughput" : 6.786662732369431,
    "receivedKBytesPerSec" : 3.21697956624373,
    "sentKBytesPerSec" : 3.181248155798171
  },
  "-17" : {
    "transaction" : "-17",
    "sampleCount" : 23,
    "errorCount" : 0,
    "errorPct" : 0.0,
    "meanResTime" : 90.04347826086955,
    "medianResTime" : 43.0,
    "minResTime" : 39.0,
    "maxResTime" : 347.0,
    "pct1ResTime" : 203.0,
    "pct2ResTime" : 318.1999999999996,
    "pct3ResTime" : 347.0,
    "throughput" : 6.944444444444444,
    "receivedKBytesPerSec" : 1.891205276268116,
    "sentKBytesPerSec" : 3.2212999131944446
  },
  "-18" : {
    "transaction" : "-18",
    "sampleCount" : 23,
    "errorCount" : 0,
    "errorPct" : 0.0,
    "meanResTime" : 249.52173913043478,
    "medianResTime" : 238.0,
    "minResTime" : 78.0,
    "maxResTime" : 735.0,
    "pct1ResTime" : 556.2,
    "pct2ResTime" : 699.7999999999995,
    "pct3ResTime" : 735.0,
    "throughput" : 6.851355376824546,
    "receivedKBytesPerSec" : 1.8734174858504615,
    "sentKBytesPerSec" : 3.104520405123622
  },
  "Total" : {
    "transaction" : "Total",
    "sampleCount" : 410,
    "errorCount" : 0,
    "errorPct" : 0.0,
    "meanResTime" : 111.90243902439022,
    "medianResTime" : 104.5,
    "minResTime" : 39.0,
    "maxResTime" : 735.0,
    "pct1ResTime" : 223.1000000000003,
    "pct2ResTime" : 255.79999999999995,
    "pct3ResTime" : 541.2199999999987,
    "throughput" : 82.49496981891348,
    "receivedKBytesPerSec" : 27.963680520623743,
    "sentKBytesPerSec" : 38.470274773641854
  }
}